ORG_NAME,STAT_YEAR,GXJSQY_TECH_NAME,QYMC,SC_QYGM,SC_FZDX,SC_CZSD
企业一,2000,软件,北京,0.0137602212316,-0.667990559516,-0.00825613273893
企业二,2004,医药,广东,-0.0137602212316,0.667990559516,0.00825613273893
