ORG_NAME,STAT_YEAR,GXJSQY_TECH_NAME,QYMC,SC_YFGXD,SC_ZYNL,SC_QYCZSD,SC_ZHPF
企业一,2000,软件,北京,-0.00181467938591,0.0190544849602,-0.0525327696261,-0.0352929640518
企业二,2004,医药,广东,0.00181467938591,-0.0190544849602,0.0525327696261,0.0352929640518
